{
  "version": 2,
  "builds": [
    {
      "src": "src/server.ts",
      "use": "@vercel/node",
      "config": {
        "includeFiles": ["src/**", "payload.config.ts"]
      }
    }
  ],
  "routes": [
    {
      "src": "/admin/(.*)",
      "dest": "/src/server.ts"
    },
    {
      "src": "/api/(.*)",
      "dest": "/src/server.ts"
    },
    {
      "src": "/(.*)",
      "dest": "/src/server.ts"
    }
  ],
  "env": {
    "PAYLOAD_SECRET": "@payload-secret",
    "DATABASE_URI": "@supabase-db-url",
    "NODE_ENV": "production"
  },
  "functions": {
    "src/server.ts": {
      "maxDuration": 30
    }
  }
}